"taxon","Freq_of_Occ"
"""Tindariopsis"" grasslei",1
"Abarenicola pacifica",1
"Aberranta sp",1
"Aberranta sp SD2",3
"Abyssorchomene abyssorum",2
"Abyssorchomene sp",1
"Acanthina sp",1
"Acanthina spirata",1
"Acanthodoris brunnea",4
"Acanthodoris rhodoceras",5
"Acanthodoris sp",1
"Acanthodoris sp DC1",1
"Acanthomunna tannerensis",1
"Acanthomysis californica",3
"Acanthoptilum sp",61
"Acari",2
"Acarina",2
"Acharax johnsoni",4
"Achelia echinata",1
"Achelia simplissima",1
"Acidostoma hancocki",31
"Acila castrensis",34
"Aclis occidentalis",9
"Aclis sp",1
"Acoetes mortenseni",1
"Acoetes pacifica",58
"Acontifera sp A",2
"Acrocirridae",2
"Acrocirrus sp",3
"Acromegalomma splendidum",28
"Acteocina carinata",322
"Acteocina cerealis",52
"Acteocina sp",136
"Acteon traskii",13
"Actiniaria",237
"Actiniaria sp 1",1
"Actiniaria sp 10",1
"Actiniaria sp 49",4
"Actiniaria sp B08-1",1
"Actiniaria sp B08-2",2
"Actiniaria sp B08-3",1
"Actiniaria sp B08-4",1
"Actiniaria sp DC1",1
"Actiniaria sp DC2",3
"Admete californica",1
"Admete couthoyi",1
"Admete gracilior",5
"Admete sp",1
"Adontorhina cyclia",131
"Adontorhina lynnae",16
"Adula diegensis",1
"Adula sp",1
"Aegires albopunctatus",2
"Aeolidia loui",1
"Aeolidioidea",1
"Aeolidoida",3
"Aglaja ocelligera",87
"Aglaophamus erectans",6
"Aglaophamus eugeniae",1
"Aglaophamus paucilamellata",5
"Aglaophamus sp",9
"Aglaophamus verrilli",311
"Aglaophenia sp",1
"Akanthophoreus cf gracilis",3
"Akanthophoreus phillipsi",29
"Akanthophoreus sp",2
"Akera sp",1
"Alaba sp",1
"Alabina phalacra",1
"Alcyonidium sp A",2
"Alia sp",5
"Alia tuberosa",22
"Alienacanthomysis sp",1
"Aligena trigonalis",2
"Alpheidae",10
"Alpheopsis equidactylus",2
"Alpheus sp",22
"Alvania acutelirata",5
"Alvania compacta",4
"Alvania rosana",73
"Alvania sp",4
"Alvania tumida",1
"Amaeana sp",2
"Amage anops",61
"Amage longibranchiata",5
"Amage sp",5
"Amakusanthura californiensis",19
"Amastigos acutus",1
"Amathia sp",5
"Amblyops abbreviata",2
"Amblyops abbreviatus",2
"Amblyops sp",1
"Americardia biangulata",1
"Americhelidium sp",342
"Americorophium salmonis",1
"Amiantis callosa",1
"Ammotheidae sp AB1",1
"Ammothella setosa",1
"Ammothella spinifera",3
"Ampelisca amblyopsoides",1
"Ampelisca careyi",501
"Ampelisca cf brevisimulata",56
"Ampelisca coeca",4
"Ampelisca cucullata",1
"Ampelisca furcigera",2
"Ampelisca hancocki",295
"Ampelisca indentata",171
"Ampelisca microdentata",129
"Ampelisca milleri",60
"Ampelisca pacifica",380
"Ampelisca plumosa",1
"Ampelisca pugetica",446
"Ampelisca romigi",54
"Ampelisca sp",244
"Ampelisca unsocalae",17
"Ampeliscidae",6
"Ampelisciphotis podophthalma",83
"Ampharete acutifrons",62
"Ampharete cornuta",2
"Ampharete finmarchica",137
"Ampharete goesi",1
"Ampharete lineata",145
"Ampharete sp",143
"Ampharete sp ",1
"Ampharetidae",389
"Ampharetidae sp DC2",1
"Ampharetidae sp SD1",73
"Ampharetinae",4
"Amphichondrius granulatus",162
"Amphicteis glabra",15
"Amphicteis mucronata",14
"Amphicteis sp",45
"Amphiduros sp",1
"Amphilochidae",5
"Amphiodia sp A",1
"Amphiodia sp DC1",1
"Amphioplus sp",124
"Amphioplus sp A",30
"Amphipholis pugetana",33
"Amphipholis sp",41
"Amphipoda",22
"Amphiporidae sp HYP2",1
"Amphiporus californicus",9
"Amphiporus cruentatus",6
"Amphisamytha bioculata",69
"Amphisamytha sp",1
"Amphissa bicolor",35
"Amphissa sp",3
"Amphissa undata",140
"Amphissa versicolor",4
"Amphitrite robusta",3
"Amphitrite sp",1
"Amphitritinae sp SD1",1
"Amphiura arcystata",233
"Amphiura diomedeae",9
"Amphiura sp",16
"Amphiuridae",406
"Ampithoe longimana",15
"Ampithoe ramondi",2
"Ampithoe sp",35
"Ampithoidae",5
"Amygdalum pallidulum",126
"Anadara multicostata",1
"Anamixis pacifica",1
"Ananthura luna",1
"Anarthron sp SD1",1
"Anarthruridae",3
"Anarthruridae sp 2",1
"Anarthruridae sp 3",1
"Anatanais pseudonormani",1
"Anatoma kelseyi",1
"Anchicolurus occidentalis",35
"Ancistrosyllis breviceps",1
"Ancistrosyllis hamata",8
"Ancistrosyllis sp",2
"Ancistrosyllis sp ABC1",1
"Anobothrus bimaculatus",243
"Anobothrus sp",5
"Anobothrus sp DC1",1
"Anomia peruviana",1
"Anomura",3
"Anonyx lilljeborgi",37
"Anoplodactylus californicus",1
"Anoplodactylus nodosus",5
"Anoplodactylus oculospinus",1
"Anoplodactylus pacificus",4
"Anoplodactylus sp",1
"Antalis pretiosum",2
"Anthoptilum grandiflorum",5
"Anthozoa",23
"Anthozoa #49",7
"Anthuridae",1
"Antinoe sp",1
"Antiplanes catalinae",8
"Antiplanes sp",2
"Antiplanes thalaea",5
"Aoridae",40
"Aoroidea",1
"Aoroides columbiae",1
"Aoroides intermedia",7
"Aoroides secundus",5
"Aoroides sp",164
"Aoroides sp A",49
"Aoroides spinosa",6
"Aphelochaeta elongata",3
"Aphelochaeta phillipsi",33
"Aphelochaeta sp A",126
"Aphelochaeta sp B",17
"Aphelochaeta sp D",66
"Aphelochaeta sp DC1",2
"Aphelochaeta sp DC2",4
"Aphelochaeta sp E",29
"Aphelochaeta sp HYP10",1
"Aphelochaeta sp HYP5",32
"Aphelochaeta sp HYP8",8
"Aphelochaeta sp LA2",42
"Aphelochaeta sp LA3",9
"Aphelochaeta sp SD14",5
"Aphelochaeta sp SD15",2
"Aphelochaeta sp SD18 (B13-1)",6
"Aphelochaeta tigrina",69
"Aphelochaeta williamsae",56
"Aphroditidae",2
"Apionsoma murinae",2
"Apionsoma sp",1
"Apistobranchus ornatus",26
"Apistobranchus sp",1
"Aplysiopsis enteromorphae",4
"Apodida",2
"Apolochus picadurus",4
"Apomatus sp",1
"Apomatus timsii",1
"Apseudomorpha glebosa",2
"Arabellidae",1
"Arachnanthus sp A",53
"Arachnida",1
"Araiofusus sp",1
"Araphura breviaria",164
"Araphura cuspirostris",35
"Araphura sp",5
"Araphura sp SD1",15
"Archaeomysis grebnitzkii",1
"Arcteobia cf anticostiensis",29
"Arcteobia sp",3
"Arcteobia sp LA1",4
"Arcturidae",3
"Arculatula senhousia",1
"Arenicola cristata",1
"Argua sp",2
"Arhynchite californicus",18
"Aricidea (Acmira ) catherinae",3
"Aricidea (Acmira) cerrutii",27
"Aricidea (Acmira) lopezi",53
"Aricidea (Acmira) rubra",49
"Aricidea (Acmira) simplex",204
"Aricidea (Acmira) sp",24
"Aricidea (Acmira) sp LA1",9
"Aricidea (Acmira) sp SD1",6
"Aricidea (Acmira) taylori",1
"Aricidea (Aedicira) sp",8
"Aricidea (Allia) antennata",145
"Aricidea (Allia) sp",4
"Aricidea (Allia) sp DC1",1
"Aricidea (Aricidea) pseudoarticulata",12
"Aricidea (Aricidea) sp",10
"Aricidea (Aricidea) sp SD1",1
"Aricidea (Aricidea) wassi",112
"Aricidea (Strelzovia) hartleyi",40
"Aricidea (Strelzovia) monicae",11
"Aricidea (Strelzovia) sp",2
"Aricidea (Strelzovia) sp A",139
"Aricidea (Strelzovia) sp SD1",1
"Aricidea sp",19
"Aridicea sp",1
"Aristias sp",1
"Aristias sp DC1",2
"Armandia sp SD1",1
"Armina californica",15
"Artacama coniferi",9
"Asabellides sp",1
"Asabellides sp DC1",4
"Ascidiacea sp WS1",3
"Asclerocheilus californicus",1
"Asclerocheilus kudenovi",13
"Asclerocheilus sp",1
"Ascorhiza occidentalis",19
"Asellota",4
"Asteriidae",1
"Asteroidea",177
"Asteronyx longifissus",3
"Astropecten armatus",6
"Astropecten sp",107
"Astropecten verrilli",41
"Astyris gausapata",1
"Astyris permodesta",35
"Astyris sp",4
"Athenaria",16
"Atrimitra idae",2
"Austrotrophon carrosensis catalinensis",1
"Autolytinae",6
"Autolytus sp",40
"Axinodon redondoensis",32
"B ipalponephtys cornuta",1
"Balanidae",7
"Balanus sp",7
"Barentsia sp",1
"Baseodiscus delineata",5
"Batea lobata",1
"Batea transversa",4
"Bathybembix bairdii",1
"Bathycopea daltonae",1
"Bathyleberis cf garthi",2
"Bathymedon caino",1
"Bathymedon covilhani",11
"Bathymedon flebilis",8
"Bathymedon kassites",3
"Bathymedon pumilus",85
"Bathymedon roquedo",10
"Bathymedon sp",3
"Bathymedon vulpeculus",9
"Belonectes sp A",2
"Bemlos audbettius",38
"Bemlos concavus",6
"Bemlos sp",26
"Berthella sp",2
"Betaeus harrimani",1
"Betaeus longidactylus",1
"Betaeus sp",14
"Betaeus sp WS1",14
"Bittiolum fastigiatum",1
"Blepharipoda occidentalis",10
"Boccardia proboscidea",4
"Boccardia pugettensis",2
"Boccardia sp",25
"Boccardiella sp",3
"Bonelliidae",1
"Boreocingula martyni",2
"Boreomysis californica",1
"Boreosignum sp A",1
"Boreotrophon multicostatus",1
"Borsonella sp",1
"Bougainvilliidae",9
"Brachyura",51
"Brada sp",3
"Bradabyssa pilosa",54
"Bradabyssa pluribranchiata",44
"Bradabyssa sp SD1",1
"Branchiomaldane sp A",1
"Branchiomma bairdi",2
"Branchiomma sp 1",2
"Branchiosyllis sp",5
"Brania sp 4",1
"Brisaster latifrons",16
"Brisaster sp",56
"Brisaster townsendi",112
"Brissopsis pacifica",89
"Brissopsis sp",1
"Brissopsis sp LA1",14
"Bruzelia tuberculata",18
"Buccinidae",6
"Bugula neritina Type D",2
"Bugula sp",1
"Bulloidea",1
"Bullomorpha sp A",14
"Burchia semiinflata",4
"Byblis barbarensis",44
"Byblis bathyalis",7
"Byblis millsi",268
"Byblis sp",23
"Byblis thyabilis",1
"Byblis veleronis",92
"Cadulus californicus",62
"Caecianiropsis sp",6
"Caecianiropsis sp LA1",2
"Caecianiropsis sp LA2",7
"Caecidae",1
"Caecidae sp WS1",1
"Caecognathia sp",1
"Caecognathia sp SD2",1
"Caecum orcutti",1
"Caesia fossatus",9
"Califanthura squamosissima",3
"Califia calida",16
"Callianax sp",1
"Callianopsis goniophthalma",4
"Callibaetis sp",1
"Calliostoma annulatum",1
"Calliostoma sp",3
"Calliostoma variegatum",1
"Callipallene pacifica",12
"Callipallene sp",1
"Callipallenidae",1
"Callipallenidae sp AB1",1
"Calyptogena sp",2
"Calyptraea fastigiata",41
"Calyptraeidae",46
"Camarodonta",1
"Campanulariidae",3
"Campylaspis blakei",10
"Campylaspis canaliculata",63
"Campylaspis hartae",33
"Campylaspis maculinodulosa",5
"Campylaspis rufa",13
"Campylaspis sp",1
"Campylaspis sp A",2
"Campylaspis sp B",4
"Campylaspis sp C",1
"Campylaspis sp LA1",1
"Campylaspis sp N",1
"Cancellaria cooperii",2
"Cancellaria crawfordiana",2
"Cancer antennarius",1
"Cancer anthonyi",1
"Cancer gracilis",29
"Cancer jordani",23
"Cancer oregonensis",1
"Cancer productus",4
"Cancer sp",24
"Cancridae",27
"Capitellidae",59
"Caprella nr acanthogaster",2
"Caprella penantis",1
"Caprella pilidigita",1
"Caprella simia",37
"Caprella sp",106
"Caprella sp SD2",1
"Caprellidae",35
"Caprellidea",3
"Caprellinae sp B",1
"Cardiomya pectinata",19
"Cardiomya planetica",9
"Cardiomya sp",26
"Caridea",14
"Carinonajna kitamati",1
"Carpoapseudes caraspinosus",4
"Carpoapseudes sp WS1",1
"Caryocorbula luteola",5
"Caudina arenicola",2
"Caulibugula ciliata",1
"Caulibugula sp",1
"Caulleriella apicula",2
"Caulleriella cristata",1
"Caulleriella hamata",1
"Caulleriella lajolla",2
"Caulleriella sp",31
"Caulleryaspis nuda",1
"Cauloramphus echinus",1
"Cenogenus fusca",1
"Cephalaspidea",16
"Cephalophoxoides homilis",45
"Ceratocephale hartmanae",1
"Ceratocephale loveni",4
"Cerberilla sp",1
"Cerebrilla sp 1",1
"Cerithiopsis sp",3
"Chaetoderma elegans",10
"Chaetoderma hancocki",9
"Chaetoderma marinelli",7
"Chaetoderma marinellii",4
"Chaetoderma nanulum",35
"Chaetoderma pacificum",107
"Chaetoderma scabrum",1
"Chaetoderma sp",2
"Chaetoderma sp A",1
"Chaetodermatida",33
"Chaetodermatidae",166
"Chaetopleura gemma",1
"Chaetopteridae",31
"Chaetopterus dewysee",1
"Chaetozone acuta",5
"Chaetozone armata",42
"Chaetozone bansei",3
"Chaetozone columbiana",95
"Chaetozone commonalis",14
"Chaetozone hartmanae",224
"Chaetozone hedgpethi",18
"Chaetozone lunula",20
"Chaetozone senticosa",2
"Chaetozone sp",138
"Chaetozone sp A",12
"Chaetozone sp C",1
"Chaetozone sp SD1",1
"Chaetozone sp SD2",4
"Chaetozone sp SD5",8
"Chaetozone sp SD7",5
"Chaetozone spinosa",13
"Chama arcana",2
"Chama granti",1
"Chauliopleona dentata",92
"Chevalia inaequalis",3
"Chione sp",33
"Chionista fluctifraga",2
"Chiridota",1
"Chiridota sp",187
"Chironomini",6
"Chitonida",1
"Chlamys sp",1
"Chloeia pinnata",470
"Chone magna",7
"Chone sp",56
"Chone sp SD3",1
"Chromopleustes oculatus",1
"Chrysopetalidae",1
"Chrysopetalum occidentale",1
"Cidarina cidaris",3
"Cingula sp",1
"Ciona intestinalis",8
"Cirolanidae",2
"Cirratulidae",397
"Cirriformia sp HYP1",8
"Cirrophorus branchiatus",57
"Cirrophorus sp",2
"Cistenides granulata",4
"Cleantioides occidentalis",1
"Clymenella sp",59
"Clytia sp",1
"Coanicardita ventricosa",49
"Coanicardita ventricosa Cmplx",6
"Coboldus hedgpethi",1
"Coleoptera",1
"Collembola",1
"Colomastix sp",1
"Colomastix sp A",1
"Colomastix sp WS1",2
"Columbellidae",23
"Columbiaemysis ignota",1
"Compressidens stearnsii",111
"Conchophylla lurida",2
"Conidae",2
"Conoidea",1
"Conopeum sp",2
"Copepoda",16
"Corbula sp",21
"Corixidae",2
"Corophiida",3
"Corophiidae",38
"Corophioidea",26
"Corophium acherusicum",138
"Corymorphidae",15
"Corymorphidae sp SD1",5
"Corynactis californica",2
"Cossura bansei",5
"Cossura modica",2
"Cossura pygodactylata",5
"Cossura rostrata",1
"Cossura sp",479
"Coxophoxus hidalgo",2
"Crangon alba",1
"Crangon handi",1
"Crangon holmesi",1
"Crangon sp",11
"Crangonidae",19
"Crenella decussata",23
"Crepidula fornicata",5
"Crepidula glottidiarum",9
"Crepidula sp",111
"Crockerella eriphyle",1
"Crockerella evadne",3
"Crockerella sp",2
"Crucigera sp",1
"Cryptonatica affinis",2
"Ctenodrilus serratus",7
"Ctenostomata",2
"Cubanomysis mysteriosa",2
"Cucumaria piperata",3
"Cucumaria sp",2
"Cucumariidae",3
"Cumacea",31
"Cumanotus fernaldi",1
"Cumella californica",15
"Cumella sp",9
"Cumella sp E",2
"Cumella sp HYP1",1
"Cumella sp I",1
"Cuspidaria parapodema",121
"Cuspidariidae",1
"Cyamioidea",1
"Cyathodonta pedroana",31
"Cyathura munda",3
"Cyclaspis nubila",15
"Cyclaspis sp",5
"Cyclaspis sp A",9
"Cyclaspis sp C",6
"Cyclocardia bailyi",9
"Cyclocardia crebricostata",2
"Cyclocardia gouldii",13
"Cyclocardia sp",37
"Cyclopecten catalinensis",3
"Cyclopecten sp",1
"Cyclopecten zephyrus",2
"Cylichna sp",1
"Cylindroleberididae",35
"Cymatioa electilis",5
"Cymothoidae",1
"Cysticidae",1
"Dacrydium pacificum",24
"Dacrydium sp",1
"Dactylopleustes sp A",4
"Dallicordia alaskana",1
"Dallinella occidentalis",1
"Daphnella clathrata",1
"Dasybranchus sp",1
"Dasybranchus sp SD1",1
"Decapoda",68
"Deflexilodes enigmaticus",20
"Deflexilodes similis",9
"Deflexilodes sp",5
"Deilocerus decorus",37
"Deilocerus planus",42
"Deilocerus sp",4
"Delectopecten vancouverensis",18
"Deltamysis holmquistae",8
"Deltamysis sp LA1",1
"Demospongiae",2
"Dendraster sp",7
"Dendraster terminalis",38
"Dendrochirotida",47
"Dendrochiton gothicus",1
"Dendrochiton thamnoporus",2
"Dendronotus sp",4
"Dentaliida",2
"Dentaliidae",52
"Dermatomya buttoni",3
"Dermatomya sp",1
"Desdimelita desdichada",5
"Deutella californica",3
"Diadumenidae",1
"Dialychone sp",2
"Dialychone sp 1",1
"Dialychone sp SD1",2
"Dialychone trilineata",130
"Diaphana californica",12
"Diaphorodoris lirulatocauda",3
"Diasterope pilosa",2
"Diastylidae",15
"Diastylis californica",88
"Diastylis crenellata",227
"Diastylis pellucida",66
"Diastylis sentosa",16
"Diastylis sp",2
"Diastylis sp DC1",1
"Diopatra parva",1
"Diopatra sp",276
"Diplocirrus sp",1
"Diplocirrus sp LA1",1
"Diplodonta sp",3
"Diptera",8
"Discurria insessa",1
"Dispio sp",1
"Dispio uncinata",14
"Disporella sp",1
"Distichoptilum gracile",1
"Dodecaceria concharum",1
"Dodecaceria pacifica",1
"Dodecamastus mariaensis",16
"Dolichopodidae",2
"Donax californicus",1
"Donax gouldii",2
"Dorvillea (Dorvillea) sp",9
"Dorvillea sp",3
"Dorvilleidae",21
"Doto columbiana",1
"Doto kya",3
"Doto sp",4
"Dougaloplus amphacanthus",136
"Dougaloplus sp",6
"Dougaloplus sp A",9
"Drilonereis falcata",39
"Drilonereis filum",2
"Drilonereis sp",305
"Drilonereis sp LA1",10
"Dromalia alexandri",1
"Dyopedos monacanthus",2
"Echinasteridae",1
"Echinoidea",113
"Echiura",11
"Echiuroinea",1
"Eclysippe trilobata",252
"Ectoprocta",7
"Edotia sp",100
"Edotia sp B",7
"Edwardsia mcmurrichi",1
"Edwardsia olguini",37
"Edwardsia profunda",24
"Edwardsia sp",57
"Edwardsia sp DC1",1
"Edwardsia sp.",1
"Edwardsiidae",463
"Elaeocyma empyrosia",3
"Elasmopus mutatus",1
"Elasmopus sp",7
"Elthusa vulgaris",1
"Emerita analoga",1
"Enallopaguropsis guatemoci",13
"Ennucula tenuis",201
"Entodesma brevifrons",10
"Entodesma navicula",3
"Eobrolgus chumashi",7
"Eobrolgus sp WS1",2
"Eobrolgus spinosus",3
"Eohaustorius barnardi",13
"Ephesiella brevicapitis",45
"Epialtidae",3
"Epigamia-Myrianida Cmplx",69
"Epitoniidae",4
"Epitonium bellastriatum",10
"Epitonium sawinae",31
"Epitonium sp",58
"Eranno bicirrata",11
"Eranno sp",6
"Erato sp",1
"Ericthonius rubricornis",22
"Ericthonius sp",15
"Ericthonius sp SD1",3
"Erileptus spinosus",37
"Eualus sp",2
"Eualus subtilis",5
"Eucarida",6
"Eucaridea",1
"Euchone arenae",78
"Euchone hancocki",35
"Euchone sp",22
"Euchone sp A",50
"Euchone sp B",1
"Euchone velifera",8
"Euclumeninae",1
"Euclymeninae ",1
"Eucranta anoculata",8
"Eucranta sp",1
"Eucrassatella fluctuata",3
"Eudistylia vancouveri",1
"Eudorella hirsuta",7
"Eudorella pacifica",240
"Eudorella sp",8
"Eudorella truncatula",1
"Eudorellopsis longirostris",55
"Eulalia gracilior",1
"Eulalia levicornuta Cmplx",125
"Eulalia quadrioculata",7
"Eulalia sp",30
"Eulima raymondi",45
"Eulimidae",12
"Eumida sp",9
"Eumida tubiformis",4
"Eunice multicylindri",5
"Eunice sp",2
"Eunicida",2
"Eunicidae",64
"Eunoe sp",5
"Euphilomedes longiseta",4
"Euphilomedes producta",250
"Euphrosine arctia",1
"Euphysa sp",39
"Eupolymnia sp",2
"Eurycope californiensis",10
"Eurydice caudata",27
"Eusarsiella sp",1
"Eusarsiella sp A",2
"Eusarsiella thominx",48
"Eusiridae",2
"Eusirus sp",7
"Eusyllinae",20
"Eusyllis blomstrandi Cmplx",17
"Eusyllis habei",55
"Eusyllis sp",33
"Eusyllis transecta",30
"Exacanthomysis davisi",9
"Excirolana chiltoni",6
"Excirolana linguifrons",1
"Exogone acutipalpa",13
"Exogone cf verugera",14
"Exogone sp",106
"Exogone sp A",69
"Exogone sp SD1",2
"Exogoninae",4
"Exosphaeroma amplicauda",2
"Exosphaeroma rhomburum",4
"Exosphaeroma sp",1
"Eyakia robusta",60
"Eyakia sp 2",1
"Fabia concharum",2
"Fabia subquadrata",5
"Fabriciidae",34
"Fabriciinae",9
"Fabricinuda sp",1
"Fabriciola sp",1
"Fabrisabella sp LA1",1
"Facelinidae",2
"Falcidens hartmanae",56
"Falcidens longus",34
"Farfantepenaeus californiensis",2
"Fauveliopsis glabra",45
"Fauveliopsis magna",1
"Fauveliopsis sp",33
"Fauveliopsis sp SD1",10
"Fissidentalium sp WS1",2
"Fissurella volcano",1
"Flabelliderma sp",1
"Flabelligella sp LA1",1
"Flabelligera infundibularis",9
"Flabelligera sp SD1",1
"Flabelligeridae",26
"Flabelligeridae sp OC1",1
"Flabellinidae",1
"Flosmaris grandis",4
"Foxiphalus  similis",1
"Foxiphalus cognatus",4
"Foxiphalus golfensis",120
"Foxiphalus obtusidens",266
"Foxiphalus similis",168
"Foxiphalus sp",6
"Furcillidens incrassatus",3
"Gadilida",2
"Galathowenia oculata",7
"Galathowenia piltzi",7
"Galathowenia pygidialis",28
"Galathowenia sp",5
"Gammaridea",63
"Gammaropsis barnardi",2
"Gammaropsis mamola",1
"Gammaropsis martesia",7
"Gammaropsis shoemakeri",3
"Gammaropsis sp",15
"Gammaropsis spinosa",1
"Garnotia sp",2
"Garosyrrhoe bigarra",14
"Garveia sp",1
"Gastropoda",103
"Gastropteron pacificum",74
"Geminofilum sexantennellum",1
"Genus uncertain entalladurus",3
"Geukensia demissa",2
"Gibberosus devaneyi",2
"Gibberosus sp",1
"Gitana calitemplado",6
"Gitanopsis sp",4
"Globivenus fordii",1
"Glycera branchiopoda",15
"Glycera gigantea",1
"Glycera oxycephala",79
"Glycera robusta",16
"Glycera sp",87
"Glycera sp B",3
"Glycera tenuis",25
"Glycera tesselata",529
"Glyceridae",3
"Glycinde picta",1
"Glycinde polygnatha",3
"Glycinde sp",3
"Glycymeris septentrionalis",4
"Glyphanostomum pallescens",5
"Glyphocuma sp A",16
"Gnathopleustes den",2
"Gnathopleustes pugettensis",4
"Golfingiidae",11
"Goniada acicula",2
"Goniada brunnea",21
"Goniada sp",451
"Goniadidae",5
"Gonopanope nitida",2
"Gorgonacea",1
"Gracilipleustes monocuspis",4
"Grapsoidea",1
"Graptacme semipolita",4
"Gregariella coarctata",1
"Grimothea quadrispina",1
"Grippina californica",3
"Grubeopolynoe sp ABC1",1
"Grubeulepis sp",1
"Guernea reduncans",35
"Gymnonereis crosslandi",205
"Gyptis sp",21
"Hadziidae",1
"Hadzioidea",1
"Halacaridae",1
"Halecium cf flexile",1
"Halianthella sp WS1",1
"Halicoides synopiae",97
"Haliella abyssicola",4
"Halistylus pupoideus",13
"Haloclavidae",1
"Halosydna brevisetosa",5
"Halosydna latior",6
"Halosydna sp",6
"Hamatoscalpellum californicum",79
"Haminoea sp",8
"Haminoea virescens",1
"Hanleyella oldroydi",3
"Haplosyllis spongicola Cmplx",1
"Harbansus bradmyersi",1
"Harbansus mayeri",3
"Harbansus sp SD1",2
"Harenactis attenuata",2
"Harfordia sp",1
"Harmothoe extenuata",1
"Harmothoe fragilis",16
"Harmothoe sp 1",21
"Harmothoe sp C",1
"Harmothoe sp LA1",4
"Harmothoinae",343
"Harpiniinae",1
"Harpiniopsis emeryi",8
"Harpiniopsis epistomata",52
"Harpiniopsis fulgens",49
"Harpiniopsis galera",5
"Harpiniopsis naiadis",2
"Harpiniopsis niadis",2
"Harpiniopsis profundis",3
"Harpiniopsis similis",2
"Harpiniopsis sp",3
"Harpiniopsis sp WS1",1
"Hartmanodes murrius",1
"Hartmanodes sp",1
"Hartmanodes sp SD1",31
"Hartmanodes sp SD2",8
"Haustoriidae",1
"Heathia porosa",1
"Hemicyclops thysanotus",1
"Hemigrapsus sp",1
"Hemilamprops californicus",202
"Hemilamprops sp",2
"Hemilamprops sp A",6
"Hemilamprops sp B",1
"Hemiptera",3
"Hemisquilla californiensis",4
"Henricia sp",1
"Heptacarpus brevirostris",1
"Heptacarpus palpator",1
"Heptacarpus paludicola",3
"Heptacarpus stimpsoni",13
"Heptacarpus taylori",3
"Here excavata",1
"Hesionella mccullochae",4
"Hesionidae",16
"Hesiospina sp DC1",1
"Hesperato columbella",2
"Hesperato vitellina",1
"Hesperonoe adventor",1
"Hesperonoe complanata",8
"Hesperonoe sp",9
"Heteroclidus punctatus",1
"Heteromastus filiformis",11
"Heteromastus filobranchus",42
"Heteromastus sp",19
"Heteromastus sp MEC1",1
"Heteromysis sp",1
"Heteronemertea sp HYP3",2
"Heterophoxus affinis",74
"Heterophoxus conlanae",5
"Heterophoxus sp",446
"Heteropodarke heteromorpha",15
"Heteropodarke sp SD1",1
"Heterospio catalinensis",23
"Hexactinellida",2
"Hippacanthomysis platypoda",1
"Hippocampocardia barbarensis",2
"Hippolyte clarki",1
"Hippolytidae",14
"Hippomedon granulosus",1
"Hirudinea",3
"Holoplocamus sp",1
"Holothuroidea",13
"Homalopoma berryi",1
"Hoplonemertea sp A SCAMIT 2007",3
"Hoplonemertea sp MB1",1
"Hoplonemertea sp WS1",1
"Hormathiidae",1
"Hornellia occidentalis",13
"Huxleyia munita",31
"Hyale sp",5
"Hyalella azteca",4
"Hyalopomatus biformis",6
"Hyboscolex sp",1
"Hydractinia sp A",1
"Hydroides dirampha",1
"Hydroides sp",1
"Hydrozoa",9
"Hypermastus rosa",7
"Ianiropsis analoga",7
"Idanthyrsus sp",1
"Idarcturus allelomorphus",54
"Idarcturus hedgpethi",4
"Idotea sp",1
"Ilyarachna acarina",34
"Ilyarachna profunda",9
"Incisocalliope sp",8
"Ingolfiellidea",1
"Insecta",1
"Irusella lamellifera",6
"Isaeidae",3
"Isanthidae sp A",1
"Ischnochitonidae",1
"Ischyroceridae",3
"Iselica sp",1
"Isocheles pilosus",2
"Isopoda",4
"Ithycythara hexagona",5
"Janiridae",1
"Janua (Dexiospira) brasiliensis",1
"Jasmineira sp B",137
"Jasmineira sp C",2
"Jassa sp",4
"Joeropsididae",1
"Joeropsis concava",15
"Joeropsis lobata",1
"Kelletia kelletii",1
"Kinbergonuphis vermillionesis",1
"Kirkegaardia serratiseta",67
"Kirkegaardia sp 1",18
"Kirkegaardia sp B",7
"Kupellonura sp",1
"Kupellonura sp A",1
"Kurtiella pedroana",1
"Kurtiella sp C",5
"Kurtiella sp LA2",2
"Kurtzia arteaga",118
"Kurtzina beta",260
"Kylix halocydne",3
"Lacuna sp",1
"Lacuna unifasciata",8
"Lacydonia sp",5
"Lacydonia sp DC1",1
"Lampropidae",13
"Lamprops carinatus",5
"Lamprops quadriplicatus",26
"Lanassa gracilis",17
"Lanassa sp",18
"Lanassa venusta venusta",81
"Lanice conchilega",119
"Laomedea calceolifera",48
"Laona californica",4
"Laonice nuchala",210
"Laonice pugettensis",442
"Laonice sp",23
"Laphania boecki",3
"Laphania sp",6
"Laqueus californianus",1
"Lasaea adansoni",1
"Lasaeidae",10
"Laticorophium baconi",20
"Latulambrus occidentalis",84
"Leaena caeca",5
"Leaena sp",2
"Leanira alba",2
"Lebbeus sp",1
"Ledella sp",1
"Leiochrides hemipodus",40
"Leiochrides sp",14
"Leitoscoloplos panamensis",27
"Leitoscoloplos sp",48
"Leitoscoloplos sp A",75
"Leitoscoloplos sp LA1",1
"Leitoscoloplos sp LA3",3
"Leodice americana",203
"Leodice antennata",1
"Leodice sp",1
"Leonardsaxius spinulicauda",7
"Leopecten  diegensis",1
"Leopecten diegensis",3
"Lepidasthenia berkeleyae",12
"Lepidasthenia longicirrata",32
"Lepidasthenia sp",1
"Lepidepecreum garthi",2
"Lepidepecreum gurjanovae",19
"Lepidepecreum serraculum",29
"Lepidonotinae",1
"Lepidopa californica",10
"Lepidopleurina",1
"Lepidozona radians",3
"Lepidozona retiporosa",1
"Lepidozona scrobiculata",2
"Lepidozona sp",5
"Leptochiton nexus",4
"Leptochiton rugatus",23
"Leptochiton sp",15
"Leptoconops sp",1
"Leptocuma forsmani",8
"Leptognathia breviremis",3
"Leptognathiidae",2
"Leptophoxus falcatus icelus",7
"Leptostylis abditis",24
"Leptostylis calva",54
"Leptostylis sp",4
"Leptostylis sp E",1
"Leucilla nuttingi",3
"Leucon bishopi",24
"Leucon declivis",34
"Leucon falcicosta",12
"Leucon fulvus",1
"Leucon magnadentatus",9
"Leucon sp",6
"Leucon sp J",1
"Leucon subnasica",24
"Leuconidae",2
"Leucosolenia nautilia",1
"Leucothoe sp",10
"Levinsenia barwicki",2
"Levinsenia kirbyorum",63
"Levinsenia multibranchiata",17
"Levinsenia oculata",15
"Levinsenia sp",250
"Levinsenia sp DC1",2
"Levinsenia sp DC2",1
"Liljeborgia sp",5
"Liljeborgiidae",2
"Limatula saturna",49
"Limifossor fratula",142
"Limnactiniidae",3
"Limnactiniidae sp A",70
"Limopsis panamensis",2
"Lirobarleeia kelseyi",4
"Lirularia acuticostata",2
"Lirularia parcipicta",2
"Lirularia sp",2
"Listriella albina",28
"Listriella sp",17
"Listriella sp A",4
"Listriella sp SD1",7
"Listriolobus hexamyotus",11
"Listriolobus pelodes",203
"Listriolobus sp",2
"Littorina keenae",3
"Loimia sp A",36
"Lomanotidae",1
"Lophopanopeus frontalis",3
"Lophopanopeus leucomanus",1
"Lophopanopeus sp",5
"Lottia ochracea",1
"Lottiidae",2
"Lovenia cordiformis",44
"Loxorhynchus sp",1
"Loxosomatidae",1
"Loxosomella sp",1
"Loy thompsoni",5
"Lucinidae",1
"Lucinoma aequizonatum",6
"Lucinoma annulatum",106
"Lugia sp DC1",1
"Luidia armata",1
"Luidia asthenosoma",1
"Luidia foliolata",4
"Luidia sp",8
"Lumbrineridae",872
"Lumbrinerides sp OC1",1
"Lumbrinerides sp SD1",2
"Lumbrineriopsis sp SD1",4
"Lumbrineris californiensis",89
"Lumbrineris index",18
"Lumbrineris inflata",3
"Lumbrineris lingulata",1
"Lumbrineris sp",197
"Lumbrineris sp E",30
"Lumbrineris zonata",1
"Luzonia chilensis",7
"Lyonsiidae",60
"Lysianassidae",5
"Lysianassoidea",9
"Lytechinus pictus",103
"Macoma carlottensis",102
"Macoma secta",3
"Macoma sp",123
"Macrochaeta sp",10
"Macrochaeta sp 1",2
"Macrochaeta sp OC1",1
"Macrochaeta sp SD2",2
"Macronassa macromera",1
"Mactridae",32
"Mactromeris hemphilli",4
"Mactromeris sp",49
"Mactrotoma nasuta",2
"Mactrotoma sp",5
"Maera bousfieldi",2
"Maera jerrica",20
"Maera nelsonae",1
"Maera sp",1
"Magelona berkeleyi",81
"Magelona hartmanae",21
"Magelona hobsonae",2
"Magelona pitelkai",2
"Magelona riojai",1
"Magelona sacculata",30
"Magelona sp",22
"Magelona sp A",10
"Magelona sp B",39
"Magelona sp SD10",9
"Majoidea",81
"Majoxiphalus major",2
"Makrokylindrus sp A",1
"Makrokylindrus sp SD1",1
"Malacoceros indicus",37
"Maldane sarsi",480
"Malletia faba",2
"Malletia pacifica",1
"Malletia sp",1
"Mandibulophoxus gilesi",4
"Mangeliidae sp DC1",1
"Mangeliidae sp DC2",1
"Mangeliinae",2
"Margarites sp",1
"Marphysa mortenseni",1
"Marphysa sp",50
"Marsenina stearnsii",1
"Mayerella sp",2
"Mediomastus sp 6",3
"Megabalanus californicus",6
"Megalomma sp",32
"Megalomphalus californicus",1
"Megaluropidae sp A",11
"Megamoera subtener",2
"Megastraea undosa",1
"Megasurcula carpenteriana",3
"Megasurcula sp",1
"Megasurcula stearnsiana",1
"Megayoldia sp",2
"Meiodorvillea sp",1
"Meiodorvillea sp SD1",1
"Melampus olivaceus",1
"Melanella berryi",1
"Melanella micans",25
"Melanella oldroydi",27
"Melanella sp",3
"Melanoides tuberculata",1
"Melita sulca",1
"Melitidae",4
"Melphisana bola Cmplx",45
"Mendicula ferruginosa",26
"Merona sp A",1
"Mesocentrotus franciscanus",8
"Mesochaetopterus sp",23
"Mesocrangon munitella",19
"Mesolamprops bispinosus",116
"Metacrangon spinosissima",2
"Metaphoxus frequens",76
"Metatiron tropakis",32
"Metharpinia coronadoi",1
"Metharpinia jonesi",5
"Metopa cistella",1
"Metopa dawsoni",20
"Metopa sp",1
"Metopella aporpis",3
"Metridium sp",2
"Microcharon sp A",1
"Microcosmus squamiger",10
"Microdeutopus schmitti",66
"Microglyphis brevicula",8
"Microjassa barnardi",1
"Microjassa boreopacifica",2
"Microjassa bousfieldi",4
"Microjassa litotes",7
"Microjassa sp",3
"Microphthalmus hystrix",2
"Microphthalmus sp",3
"Microphthalmus sp HYP1",1
"Micropleustes nautilus",1
"Microspio sp",13
"Minolia peramabilis",37
"Mitrella sp",1
"Modiolatus neglectus",17
"Modiolinae",29
"Mollusca",12
"Molpadia intermedia",40
"Molpadia musculus",1
"Monobrachium parasitum",4
"Monocorophium sp",90
"Monocorophium uenoi",18
"Monoculodes sp",152
"Monticellina sp",645
"Monticellina tesselata",47
"Mopalia sp",2
"Munna sp",1
"Munna sp A",2
"Munnogonium erratum",2
"Munnogonium sp SD1",2
"Munnogonium tillerae",40
"Munnopsidae",4
"Munnopsurus sp A",1
"Musculus sp",1
"Mya arenaria",2
"Myodocopa",3
"Myodocopida",5
"Myosotella myosotis",1
"Myrianida sp A",2
"Myriochele gracilis",14
"Myriochele olgae",37
"Myriochele sp",21
"Myriochele striolata",124
"Myriotrochus sp WS1",1
"Myriowenia californiensis",167
"Myriowenia sp",6
"Mysella sp",1
"Mysida",23
"Mysidae",32
"Mysidella americana",8
"Mysidopsis cathengelae",2
"Mysidopsis cf onofrensis",1
"Mysidopsis onofrensis",1
"Mysidopsis sp",4
"Mystides sp",4
"Mytilidae",27
"Myxicola sp",19
"Myxoderma platyacanthum",15
"NEMATODA",2
"NEMERTEA",11
"Nacospatangus laevis",11
"Naineris quadricuspida",2
"Naineris sp",35
"Naineris uncinata",15
"Nannastacidae",3
"Nasageneia quinsana",11
"Nassariidae",10
"Nassarius mendicus",3
"Nassarius sp",17
"Natantia",1
"Natatolana californiensis",1
"Naticidae",8
"Neaeromya californica",6
"Neaeromya compressa",17
"Neaeromya rugifera",5
"Neanthes sp",2
"Neanthes succinea",1
"Nebalia daytoni",45
"Nebalia hessleri",9
"Nebalia sp",112
"Neilonella mexicana",5
"Neilonella ritteri",32
"Neilonella sp",1
"Neilonellidae",2
"Nellobia eusoma",16
"Nematoda",4
"Nematonereis sp",5
"Nemocardium centifilosum",198
"Neocrangon resima",1
"Neocrangon zacae",8
"Neodexiospira pseudocorrugata",2
"Neogyptis sp",3
"Neoleprea californica",3
"Neoleprea spiralis",1
"Neolepton sp",7
"Neolepton sp ABC1",1
"Neomediomastus glabrus",3
"Neomeniomorpha sp B",1
"Neomeniomorpha sp C",1
"Neomeniomorpha sp SD3",2
"Neosimnia aeqaulis",1
"Neoterebra hemphilli",4
"Neoterebra pedroana",7
"Nephasoma SD2",2
"Nephtyidae",13
"Nephtys punctata",7
"Nephtys sp",74
"Nephtys sp SD2",7
"Nephtys squamosa",5
"Nereididae",78
"Nereiphylla ferruginea Cmplx",24
"Nereiphylla sp",31
"Nereis mendocinana",3
"Nereis pelagica",1
"Nereis sp",25
"Nereis sp SD1",5
"Netastoma rostratum",2
"Neverita draconis",10
"Neverita lewisii",1
"Nicippe tumida",189
"Nicon moniloceras",6
"Ninoe palmata",1
"Ninoe sp",4
"Ninoe tridentata",153
"Nippoleucon hinumensis",7
"Nodiscala spongiosa",2
"Notaspidea",1
"Notocirrus californiensis",75
"Notodasus oraria",1
"Notoplana sp",16
"Novafabricia sp",1
"Novafabricia triangularis",1
"Nucula carlottensis",1
"Nucula exigua",1
"Nuculana elenensis",168
"Nuculana hamata",67
"Nuculana penderi",21
"Nuculana sp",22
"Nuculanida",5
"Nuculanidae",5
"Nuculanoidea",1
"Nudibranchia",18
"Nutricola cymata",8
"Nutricola lordi",3
"Nutricola ovalis",20
"Nutricola sp",11
"Nutricola tantilla",24
"Nuttallia nuttallii",2
"Nymphon heterodenticulatum",4
"Nymphon pixellae",5
"Nymphopsis spinosissima",1
"Obelia geniculata",1
"Obelia sp",3
"Ocinebrina sp",1
"Octobranchus sp A",4
"Octocorallia",1
"Octopus sp",2
"Odontosyllis fragilis",2
"Odontosyllis pentalineata",7
"Odontosyllis sp",2
"Odontosyllis sp SD2",1
"Oediceropsis elsula",8
"Oedicerotidae",34
"Oenonidae",5
"Oenopota sp",2
"Oenopota sp 1",1
"Oenopota sp DC1",1
"Ogyrides sp A",17
"Okenia angelensis",1
"Okenia sp A",3
"Olea hansineensis",1
"Olivella biplicata",6
"Olivella pycna",2
"Olivella sp",4
"Onchidorididae",1
"Onuphidae",725
"Opalia funiculata",1
"Ophelia limacina",3
"Ophelia pulchella",6
"Opheliidae",5
"Ophelina acuminata",84
"Ophelina farallonensis",1
"Ophelina pallida",15
"Ophelina sp",7
"Ophelina sp SD1",9
"Ophiacantha phragma",1
"Ophiacantha sp",3
"Ophiacanthidae",2
"Ophiodermella inermis",13
"Ophiodermella sp",53
"Ophionereis annulata",1
"Ophionereis eurybrachyplax",5
"Ophionereis sp",1
"Ophiopholis bakeri",5
"Ophiopholis longispina",1
"Ophiopholis sp",1
"Ophiopsila californica",8
"Ophiopteris papillosa",1
"Ophioscolex corynetes",1
"Ophiosphalma jolliense",7
"Ophiothrix spiculata",19
"Ophiura leptoctenia",2
"Ophiura luetkenii",96
"Ophiura sarsii",1
"Ophiura sp",17
"Ophiuridae",7
"Ophiuroconis bispinosa",192
"Ophiuroidea",270
"Ophryotrocha sp",6
"Opisa tridentata",26
"Opisthobranchia",2
"Opisthodonta sp 2",4
"Opisthodonta sp SD1",4
"Opisthodonta sp SD2",2
"Oradarea longimana",2
"Orbinia johnsoni",1
"Orbinia sp",1
"Orbiniidae",9
"Orchestia sp",1
"Orchomene anaquelus",22
"Orchomene obtusa",1
"Orchomene sp",1
"Orchomenella decipiens",81
"Orchomenella pacifica",22
"Orchomenella pinguis",5
"Orchomenella sp",1
"Orthopagurus minimus",12
"Ostracoda",7
"Ostreidae",2
"Owenia fusiformis",285
"Owenia johnsoni",15
"Owenia sp",6
"Oweniidae",12
"Oxydromus sp",1
"Oxyurostylis tertia",228
"Pachycerianthus fimbriatus",1
"Pachycerianthus sp",5
"Pachychela sp SD1",1
"Pachygrapsus crassipes",2
"Pachynus barnardi",23
"Pachythyone rubra",1
"Pacifacanthomysis nephrophthalma",39
"Pacifoculodes barnardi",6
"Paciocinebrina circumtexta",1
"Paciocinebrina foveolata",1
"Paguridae",22
"Paguristes bakeri",1
"Paguristes parvus",1
"Paguristes sp",12
"Paguristes turgidus",5
"Paguristes ulreyi",4
"Paguroidea",22
"Pagurus beringanus",3
"Pagurus hartae",13
"Pagurus quaylei",1
"Pagurus setosus",1
"Pagurus sp",9
"Pagurus sp 4",3
"Pagurus sp LA1",1
"Palaemon macrodactylus",3
"Palaemonella holmesi",1
"Palola paloloides",1
"Pandora bilirata",63
"Pandora filosa",8
"Pandora sp",2
"Pannychia moseleyi",2
"Panopea generosa",3
"Panopeidae",26
"Paracaprella cf alata",2
"Paracaudina chilensis",3
"Paracerceis sp",17
"Paracerceis sp A",4
"Paraconcavus pacificus",4
"Paracyathus stearnsii",2
"Paradexamine sp",11
"Paradialychone eiffelturris",7
"Paradialychone harrisae",160
"Paradialychone paramollis",113
"Paradialychone sp",2
"Paradiopatra parva",460
"Paradoneis eliasoni",1
"Paradoneis lyra",9
"Paradoneis sp",65
"Paradoneis sp SD1",40
"Paradoneis spinifera",8
"Paraexogone breviseta",1
"Parakanthophoreus bisetulosus",1
"Paralamprops sp",1
"Paramblyops sp",1
"Parametaphoxus sp 1",7
"Parametopella ninis",1
"Paramunna quadratifrons",1
"Paramunna sp SD2",1
"Paramunnidae",1
"Paranaitis polynoides",24
"Paranaitis sp SD1",1
"Paranthura japonica",64
"Paraonella sp",1
"Paraonella sp SD1",1
"Paraonidae",77
"Parapagurodes cf laurentae",1
"Parapagurodes laurentae",14
"Parapagurodes makarovi",2
"Paraparionospio alata",1
"Paraphoxus sp 1",20
"Paraphoxus sp 2",1
"Paraprionospio sp",1
"Parapseudes pedispinis",1
"Parasterope hulingsi",2
"Paraxanthias taylori",1
"Pardalisca tenuipes",4
"Pardaliscella sp",10
"Pardaliscella symmetrica",6
"Pardaliscidae",4
"Parexogone brunnea",1
"Parexogone molesta",50
"Parexogone sp",1
"Parougia sp",32
"Parvaplustrum sp A",8
"Parvaplustrum sp B",2
"Pasiphaea pacifica",1
"Paucibranchia conferta",4
"Paucibranchia sp",6
"Peachia quinquecapitata",2
"Pectinariidae",3
"Pectinidae",23
"Pectinoidea",2
"Pelecypoda",439
"Penaeidae",1
"Penaeoidea",1
"Pennatula phosphorea",5
"Pennatulacea sp A",1
"Pennatulidae",2
"Pentactinia californica",60
"Pentamera charlottae",10
"Pentamera lissoplaca",7
"Pentamera pediparva",2
"Pentamera populifera",28
"Pentamera pseudocalcigera",11
"Pentamera pseudopopulifera",15
"Pentamera rigida",6
"Pentamera sp",106
"Pentidotea resecata",1
"Peramphithoe cf lindbergi",1
"Periclimenes infraspinis",1
"Periploma planiusculum",7
"Periploma rosewateri",4
"Periploma sp",10
"Perkinsiana sp",2
"Perophora annectans",2
"Perophora sp A",1
"Perotripus brevis",1
"Petalosarsia sp A",1
"Petricola californiensis",4
"Petricola carditoides",11
"Petricola hertzana",3
"Petricola sp",3
"Petricolidae",4
"Petrolisthes cinctipes",2
"Pettiboneia sanmatiensis",6
"Pettiboneia sp",1
"Phallolamprops californicus",4
"Phascolion sp",1
"Phascolion sp A",212
"Phascolosoma sp",1
"Pherusa inflata",7
"Pherusa papillata",4
"Pherusa sp",31
"Pherusa sp SD1",1
"Pherusa sp SD2",10
"Philinoglossa sp A",4
"Philinoidea",5
"Philomedes dentatus",4
"Philomedes sp A",4
"Philomedes sp LA1",1
"Philomedidae",5
"Philomedidae sp DC1",1
"Philomedidae sp SD1",1
"Phimochirus californiensis",1
"Phisidia sanctaemariae",306
"Pholadomyoida",3
"Pholoides asperus",68
"Photidae",2
"Photis bifurcata",97
"Photis chiconola",1
"Photis lacia",183
"Photis linearmanus",13
"Photis macinerneyi",14
"Photis macrotica",17
"Photis parvidons",56
"Photis sp",380
"Photis sp A",3
"Photis sp B",4
"Photis sp C",33
"Photis sp DC1",4
"Photis sp G",3
"Photis sp OC1",58
"Photis sp OC2",1
"Photis sp SD10",1
"Photis sp WS1",1
"Photis viuda",6
"Phoxocephalidae",35
"Phtisica marina",65
"Phtisicinae",1
"Phyllaplysia taylori",1
"Phyllochaetopterus limicolus",142
"Phyllochaetopterus prolifica",102
"Phyllochaetopterus sp",24
"Phyllochaetopterus sp A",3
"Phyllocomus hiltoni",6
"Phyllocomus sp",2
"Phyllodoce cuspidata",36
"Phyllodoce groenlandica",142
"Phyllodoce medipapillata",33
"Phyllodoce pettiboneae",218
"Phyllodoce sp",108
"Phyllodoce williamsi",5
"Phyllodocidae",38
"Phyllophoridae",54
"Phyllophoridae ",1
"Phylo felix",7
"Phylo nuda",1
"Phylo sp",2
"Physa sp",1
"Physonectidae",1
"Pilargis berkeleyae",22
"Pilargis sp",11
"Pilargis sp A",10
"Pilargis sp B",6
"Pilumnus spinohirsutus",1
"Pinnixa cf schmitti",1
"Pinnotheridae",117
"Pionosyllis sp",345
"Piromis sp",3
"Piseinotecus divae",2
"Pisione remota",9
"Pisione sp",10
"Pista estevanica",358
"Pista sp C",451
"Pista sp E",2
"Plakosyllis americana",1
"Plakosyllis sp",12
"Plakosyllis sp OC1",1
"Platidia hornii",2
"Platyhelminthes",5
"Platymera gaudichaudii",10
"Platyodon cancellatus",1
"Plectodon scaber",5
"Plesiocystiscus myrmecoon",2
"Plesiocystiscus politulus",1
"Pleurobranchaea californica",11
"Pleurogonium californiense",11
"Pleurogonium sp",11
"Pleurogonium sp A",6
"Pleurotomella herminaea",1
"Pleustidae",6
"Pleusymtes subglaber",51
"Plexauridae",1
"Pliocardia stearnsii",4
"Plumalecium plumularioides",1
"Plumularia sp",6
"Podarkeopsis perkinsi",16
"Podarkeopsis sp",4
"Podarkeopsis sp F",2
"Podoceropsis ociosa",61
"Podoceropsis sp",1
"Podocerus sp",18
"Podochela hemphillii",26
"Podocopa",13
"Podocopida",31
"Poecilochaetus sp",135
"Pogonophora",1
"Policordia hispida",1
"Polyceratidae",1
"Polychaeta",2
"Polycirrinae",3
"Polycladida sp HYP2",1
"Polycladida sp WS1",1
"Polydora cf hoplura",1
"Polydora heterochaeta",1
"Polydora narica",10
"Polydora pygidialis",1
"Polydora sp",64
"Polydora sp 1",1
"Polydora sp SD 10",1
"Polydora websteri",1
"Polygireulima rutila",85
"Polynoidae",83
"Polyodontes panamensis",9
"Polyodontes sp",2
"Polyplacophora",6
"Pontogeneia inermis",1
"Poroleda extenuata",1
"Poromya sp",1
"Portunus xantusii",2
"Postasterope sp",1
"Potamethus sp",2
"Potamethus sp A",83
"Prachynella lodo",4
"Prachynella oculata",13
"Prachynella sp",1
"Praxillella sp",3
"Prionospio (Minuspio) multibranchiata",22
"Prionospio (Minuspio) sp",1
"Prionospio (Minuspio) sp A",2
"Prionospio (Prionospio) dubia",406
"Prionospio lobulata",128
"Prionospio sp",243
"Prionospio sp LA1",3
"Pristes sp",1
"Procampylaspis caenosa",123
"Procampylaspis sp SD1",2
"Procephalothrix major",1
"Procerastea sp",2
"Processidae",4
"Proclea sp",1
"Proclea sp A",70
"Propebela sp",3
"Propebela sp DC1",1
"Propebela turricula",8
"Propeleda conceptionis",34
"Propeleda sp B",9
"Protis pacifica",6
"Protoarciella sp A",1
"Protoariciella sp A",3
"Protocirrineris  sp",1
"Protocirrineris sp",41
"Protodrilidae",1
"Protolaeospira (Protolaeospira) eximia",3
"Protomedeia articulata Cmplx",199
"Protomedeia sp",3
"Protomystides sp",7
"Protomystides sp SD1",2
"Prototrygaeus jordanae",23
"Protula superba",1
"Psamathe sp",3
"Psammobiidae",1
"Pseudarchaster pusillus",1
"Pseudexogone sp",2
"Pseudexogone williamsae",3
"Pseudharpinia excavata",3
"Pseudo viscaina",1
"Pseudochitinopoma occidentalis",1
"Pseudocnus lubricus",8
"Pseudocnus sp",2
"Pseudofabriciola californica",73
"Pseudoharpinia sp",1
"Pseudoleiocapitella sp HYP1",1
"Pseudomelatoma penicillata",1
"Pseudomelatoma sp OC1",1
"Pseudomma berkeleyi",4
"Pseudomma sp",3
"Pseudopolydora kempi",2
"Pseudopolydora sp",2
"Pseudopotamilla sp",21
"Pseudopusula californiana",1
"Pseudosabinella bakeri",2
"Pseudotanais sp",38
"Pseudotaranis strongi",1
"Psilodens sp",1
"Psocidae",1
"Psolus chitonoides",1
"Psolus squamatus",1
"Psychoda sp",1
"Pterocirrus montereyensis",2
"Pterocirrus sp",3
"Pterocirrus sp A",2
"Pugettia dalli",2
"Puncturella cooperi",1
"Puncturella multistriata",1
"Puncturella sp",4
"Pycnogonida",2
"Pycnopodia helianthoides",1
"Pygospiopsis fauchaldi",4
"Pylopagurus holmesi",8
"Pyramidella adamsi",1
"Pyramidellidae",6
"Quadrimaera carla",1
"Quadrimaera reishi",1
"Questa caudicirra",11
"Raeta undulata",17
"Randallia bulligera",1
"Randallia ornata",38
"Randallia sp",3
"Renilla koellikeri",1
"Rhabdus rectius",91
"Rhachotropis barnardi",7
"Rhachotropis distincta",7
"Rhachotropis sp",1
"Rhachotropis sp A",49
"Rhachotropis sp SD1",1
"Rhepoxinius sp",1
"Rhepoxynius abronius",57
"Rhepoxynius bicuspidatus",354
"Rhepoxynius daboius",23
"Rhepoxynius fatigans",5
"Rhepoxynius lucubrans",43
"Rhepoxynius menziesi",324
"Rhepoxynius sp",27
"Rhepoxynius stenodes",188
"Rhepoxynius tridentatus",2
"Rhepoxynius variatus",55
"Rhizocaulus verticillatus",2
"Rhizorhagium formosum",3
"Rhodopetoma renaudi",1
"Rhynchospio arenicola",1
"Rhynchothorax philopsammum",1
"Rhynohalicella halona",1
"Rimakoroga rima",1
"Rissoina sp",1
"Rochefortia mortoni",77
"Rochefortia sp",4
"Rocinela angustata",5
"Rocinela belliceps",1
"Rocinela signata",1
"Romaleon branneri",4
"Roperia poulsoni",1
"Ruffojassa angularis",2
"Runcinidae",1
"Rutiderma chessi",1
"Rutiderma hartmanni",1
"Rutiderma lomae",74
"Rutiderma rostratum",33
"Rutiderma rotundum",2
"Rutiderma sp",3
"Rutidermatidae",1
"Sabellaria gracilis",6
"Sabellaria nanella",2
"Sabellaria sp",9
"Sabellariidae",6
"Sabellidae",88
"Sabellidae sp LA1",1
"Sabellinae",85
"Sabidius sp",1
"Sacoglossa",1
"Salmacina sp",2
"Salmacina tribranchiata",1
"Salmoneus sp A",1
"Samytha californiensis",76
"Sarsiellidae sp SD1",2
"Saxicavella nybakkeni",67
"Saxicavella pacifica",94
"Saxicavella sp",7
"Scabrotrophon sp",1
"Scalaricarditinae",3
"Scalibregmatidae",3
"Scaphandridae",1
"Scaphopoda",136
"Schistocomus sp A",44
"Schistocomus sp DC1",1
"Schisturella cocula",2
"Schisturella dorotheae",1
"Schisturella sp",1
"Scintillona bellerophon",3
"Scionella japonica",17
"Scleroconcha trituberculata",40
"Scolanthus triangulus",56
"Scolelepis bullibranchia",1
"Scolelepis sp",24
"Scolelepis sp SD1",21
"Scoletoma luti",236
"Scoletoma sp",530
"Scoloplos sp",28
"Scoloplos sp LA1",5
"Scyphoproctus sp",2
"Semele sp",1
"Semelidae",1
"Sergestidae",1
"Serpula columbiana",3
"Serpulidae",14
"Sessilia",1
"Siboglinum veleronis",1
"Sicyoniidae",2
"Sigalion spinosus",292
"Sigalionidae",5
"Sigambra bassi",2
"Sigambra setosa",7
"Sigambra sp",25
"Sigambra sp SF2",89
"Sige sp",2
"Sige sp A",140
"Sige sp B",1
"Silicea",5
"Siliqua sp",83
"Sinocorophium  alienense",1
"Sinocorophium alienense",16
"Sinocorophium lamellatum",1
"Sinocorophium sp",7
"Sinum scopulosum",11
"Siphonolabrum californiensis",16
"Siphonosoma ingens",16
"Sipuncula",86
"Sipuncula sp SD1",2
"Sipuncula sp SD2",2
"Sipunculidae",40
"Sipunculidea",2
"Siriella pacifica",12
"Skenea coronadoensis",4
"Skenea sp A",1
"Socarnoides illudens",1
"Solamen columbianum",151
"Solecurtus guaymasensis",3
"Solemya reidi",56
"Solen sp",69
"Solenocera mutator",2
"Solenoidea",2
"Sosane occidentalis",27
"Sosane sp",1
"Spatangoida",32
"Spatangus californicus",12
"Spathoderma californicum",11
"Spathoderma sp A",1
"Sphaerephesia biserialis",1
"Sphaerephesia longisetis",1
"Sphaerephesia similisetis",5
"Sphaerephesia sp",2
"Sphaerodoridium minutum",1
"Sphaerodoridium sp",1
"Sphaerodoridium sp A",2
"Sphaerodoridium sphaerulifer",2
"Sphaerodoropsis sp",3
"Sphaerodorum papillifer",10
"Sphaerodorum sp 1",1
"Sphaeromatidae",27
"Sphaeromatidea",1
"Sphaerosyllis ranunculus",6
"Sphaerosyllis sp 7 (Harris)",70
"Sphaerosyllis sp A",9
"Sphenia fragilis",6
"Sphenia luticola",5
"Sphenia sp",7
"Spinicirrus sp",1
"Spinosphaera sp",1
"Spio filicornis",163
"Spio maciolekae",1
"Spio sp",3
"Spio sp D",2
"Spionidae",129
"Spiophanes anoculata",1
"Spiophanes fimbriata",21
"Spiophanes kimballi",889
"Spiophanes sp",150
"Spiophanes wigleyi",59
"Spirontocaris prionota",2
"Spirontocaris sica",1
"Spirontocaris snyderi",1
"Spirontocaris sp",3
"Spirontocaris truncata",1
"Spirorbinae",24
"Stachyptilum superbum",6
"Staphylinidae",1
"Staurocalyptus dowlingi",1
"Stegocephalidae",1
"Stenothoe sp",12
"Stenothoidae",2
"Stenothoides bicoma",30
"Stenula modosa",1
"Sternaspis fossor",501
"Sternaspis maior",1
"Sternaspis williamsae",9
"Sthenelais berkeleyi",9
"Sthenelais fusca",27
"Sthenelais sp",237
"Sthenelais verruculosa",13
"Stibarobdella  sp",1
"Stolidobranchiata",1
"Stomatopoda",3
"Stomphia vinosa",1
"Streptodonta sp 1",2
"Streptosyllis sp SD1",1
"Strongylocentrotidae",1
"Strongylocentrotus fragilis",15
"Strongylocentrotus sp",1
"Styelidae",1
"Stylatula sp",122
"Stylatula sp DC1",1
"Subadyte mexicana",79
"Syllidae",32
"Syllides sp DC1",2
"Syllides sp SD1",3
"Syllinae",6
"Syllis (Ehlersia) hyperioni",98
"Syllis (Ehlersia) sp",1
"Syllis (Typosyllis) farallonensis",39
"Syllis alternata",1
"Syllis hyalina",1
"Synaptidae",2
"Synelmis sp",2
"Synidotea harfordi",1
"Synidotea magnifica",21
"Synidotea sp",32
"Synopiidae",1
"Syrrhoe longifrons",1
"Syrrhoe sp A",5
"Syrrhoites sp",1
"Tagelus californianus",10
"Tagelus sp",56
"Talitridae",2
"Tanaella propinquus",99
"Tanaidacea",61
"Tanaidae",10
"Tanaopsis cadieni",87
"Tanystylum californicum",2
"Tanystylum intermedium",1
"Teinostoma sapiella",1
"Teinostoma sp",1
"Teinostoma supravallatum",2
"Telesto sp",1
"Tellina bodegensis",2
"Tellina nuculoides",4
"Tellina sp",342
"Tellinidae",10
"Tenellia adspersa",1
"Terebellides reishi",95
"Terebellides sp",138
"Terebellides sp Type C",32
"Terebellides sp Type D",46
"Terebellinae",39
"Tergipedidae",1
"Tethygeneia opata",13
"Tetrastemma sp WS1",2
"Thalamoporella californica",1
"Thalassematidae",1
"Thalassinidea",1
"Thelepus hamatus",11
"Thelepus setosus",17
"Thelepus sp",1
"Thelepus sp C",2
"Therochaeta pacifica",1
"Thesea sp B",12
"Thesea sp B08-1",1
"Thoridae",1
"Thorlaksonius sp",3
"Thorlaksonius truncatus",1
"Thormora setosior",1
"Thraciidae",31
"Thraciidae sp WS1",1
"Thracioidea",5
"Thrombasia tracalero",1
"Thyasiridae",15
"Thyasiridae sp LA1",1
"Thyasiridae sp SD1",4
"Thyone benti",30
"Tiron biocellata",74
"Tonicella venusta",1
"Tornidae",1
"Travisia brevis",174
"Travisia gigas",10
"Travisia pupa",29
"Travisia sp",6
"Trichobranchidae",3
"Trichobranchidae sp LA1",9
"Trichobranchus hancocki",185
"Trigonulina novemcostata",10
"Triopha maculata",1
"Tritella laevis",12
"Tritella pilimana",36
"Tritella sp",4
"Tritella tenuissima",61
"Tritia insculpta",21
"Tritonia exsulans",2
"Tritonia festiva",2
"Tritonia sp",2
"Trochochaeta franciscanum",1
"Trochochaeta multisetosa",4
"Trophoniella harrisae",51
"Trophoniella sp DC1",1
"Tubulanidae",99
"Tubulanidae sp HYP1",1
"Tubulariidae",16
"Tubularoidea",1
"Tubulipora tuba",1
"Tunicata",1
"Turbinidae",1
"Turridae",8
"Turritella cooperi",3
"Typhlotanais crassus",6
"Typhlotanais sp",38
"Typhlotanais williamsae",21
"Typosyllis sp SD1",3
"Typosyllis sp SD2",3
"Typosyllis sp SD4",1
"Typosyllis sp SD5",7
"Urechis caupo",3
"Uristes entalladurus",4
"Uromunna ubiquita",6
"Urothoe elegans Cmplx",81
"Urticina sp A",3
"Valettiopsis dentatus",1
"Valettiopsis sp DC1",1
"Vaunthompsonia pacifica",1
"Vaunthompsonia sp",3
"Vemakylindrus hystricosa",1
"Veneridae",53
"Venerinae",67
"Vermiliopsis infundibulum",1
"Virgularia agassizii",56
"Virgularia reinwardti",40
"Virgularia sp",11
"Virgulariidae",52
"Vitreolina columbiana",3
"Vitreolina macra",6
"Vitreolina sp",3
"Vitrinella berryi",1
"Vitrinella sp",9
"Vitrinella stearnsi",1
"Volvarina taeniolata",2
"Volvulella californica",49
"Volvulella catharia",7
"Volvulella cylindrica",62
"Volvulella sp",16
"Waldo arthuri",18
"Watersipora subatra",1
"Xanthidae",12
"Xanthoidea",4
"Xenoleberis californica",56
"Xenoleberis sp",1
"Xenostrobus sp",5
"Xingyurella pedrensis",3
"Yoldia cooperii",5
"Yoldia seminuda",40
"Yoldiella nana",41
"Yoldiella sp",5
"Yoldiella sp A",1
"Yoldiidae",3
"Ypsilothuria bitentaculata",7
"Ysideria hastata",3
"Zeugophilomedes oblongatus",1
"Zeuxo kurilensis",1
"Zeuxo normani Cmplx",137
"Zeuxo sp",6
"Zoantharia",3
"Zoanthidae sp A",2
"Zoanthidae sp B",2
"Zoanthidea sp B",1
"Zoobotryon pellucida",1
"Zoobotryon verticillatum",2
